neighborhood,Median,Max,Min,Q1,Q3,IQR,TOPBAR,OUTLIERONE,OUTLIERTWO,OUTLIERTHREE,OUTLIERFOUR
1,353.14,40696.88,252.24,325.2,401.23,76.03,114.045,9613.125,6928.46154,807.123487,807.123487
2,994.31,7393.5,669.83,730.41,1397.09,666.68,1000.02,4479.81818,7393.5,7393.5,7393.5
3,1395.63,9525.38,950.96,1012.08,2257.6,1245.52,1868.28,9525.38,9525.38,9525.38,9525.38
4,1016.99,49693.3,443.79,556.9,3994.88,3437.98,5156.97,10410.6618,9236.77591,9236.77591,9236.77591
5,1333.86,23541.68,758.57,915.36,2258.92,1343.56,2015.34,17366.625,10547.6636,5400,5400